i,j,k,Dose(Gy),e+,e+_f,gamma,gamma_f,e-,e-_f,neutron,neutron_f,proton,proton_f,proton_1,proton_1_f,deuteron,deuteron_f,He3,He3_f,alpha,alpha_f,Li7,Li7_f,Be8,Be8_f,Be9,Be9_f,Be10,Be10_f,B10,B10_f,B11,B11_f,B12,B12_f,C12,C12_f,C13,C13_f,C14,C14_f,N13,N13_f,N14,N14_f,N15,N15_f,O16,O16_f,O18,O18_f,Na23,Na23_f,P31,P31_f,S32,S32_f,Cl35,Cl35_f,Cl36,Cl36_f,K39,K39_f
0,0,0,2.58995e-08,5.93094e-13,1,0,168,1.42201e-09,2799,6.69299e-14,148,3.36117e-10,32,2.38096e-08,10000,0,0,0,0,3.18858e-10,12,0,0,0,0,0,0,0,0,0,0,0,0,0,0,0,0,0,0,0,0,0,0,0,0,0,0,1.23258e-11,9,0,0,0,0,0,0,0,0,0,0,0,0,0,0
1,0,0,2.63555e-08,5.28728e-13,1,0,168,1.67962e-09,3306,4.5057e-14,153,4.77513e-10,38,2.39097e-08,9988,0,0,0,0,2.73555e-10,11,0,0,0,0,0,0,0,0,0,0,0,0,0,0,9.64853e-12,3,0,0,0,0,0,0,1.31548e-12,1,0,0,3.62978e-12,4,0,0,0,0,0,0,0,0,0,0,0,0,0,0
2,0,0,2.64352e-08,7.27574e-13,1,1.86453e-16,170,1.6413e-09,3240,9.33392e-15,165,5.29163e-10,52,2.39365e-08,9978,0,0,0,0,2.96625e-10,12,0,0,0,0,0,0,0,0,0,0,0,0,0,0,7.52741e-12,1,0,0,0,0,0,0,0,0,0,0,2.3367e-11,13,0,0,0,0,0,0,0,0,0,0,0,0,0,0
3,0,0,2.68155e-08,6.19611e-13,1,2.61172e-16,172,1.68361e-09,3283,3.16463e-14,173,6.90544e-10,62,2.40283e-08,9967,0,0,0,0,4.08701e-10,9,0,0,0,0,0,0,0,0,0,0,0,0,0,0,2.60505e-12,3,0,0,0,0,0,0,0,0,0,0,1.11029e-12,3,0,0,0,0,0,0,0,0,0,0,0,0,0,0
4,0,0,2.6702e-08,5.93641e-13,1,1.12829e-16,175,1.65648e-09,3313,1.18706e-14,177,6.75191e-10,56,2.41621e-08,9959,0,0,0,0,1.87712e-10,7,0,0,0,0,0,0,0,0,0,0,0,0,0,0,9.29659e-12,3,0,0,0,0,0,0,0,0,0,0,1.06382e-11,5,0,0,0,0,0,0,0,0,0,0,0,0,0,0
5,0,0,2.69994e-08,7.71664e-13,1,1.5443e-16,179,1.67497e-09,3282,2.52319e-14,183,7.70584e-10,77,2.42762e-08,9952,0,0,0,0,2.57683e-10,12,0,0,0,0,0,0,0,0,0,0,0,0,0,0,8.83541e-12,6,0,0,0,0,0,0,8.8982e-13,1,0,0,9.42197e-12,5,0,0,0,0,0,0,0,0,0,0,0,0,0,0
6,0,0,2.71238e-08,5.57486e-13,1,2.31462e-16,183,1.62432e-09,3228,2.65933e-16,191,8.40788e-10,88,2.43199e-08,9940,0,0,0,0,2.79437e-10,11,0,0,0,0,0,0,0,0,0,0,0,0,0,0,3.96737e-11,3,0,0,0,0,0,0,0,0,0,0,1.86938e-11,5,0,0,0,0,0,0,0,0,0,0,0,0,3.97213e-13,1
7,0,0,2.71687e-08,0,0,9.55397e-17,184,1.5696e-09,3190,9.38193e-15,199,7.5755e-10,91,2.44159e-08,9930,0,0,0,0,4.20651e-10,10,0,0,0,0,0,0,0,0,0,0,0,0,0,0,4.89107e-13,1,0,0,0,0,0,0,0,0,0,0,4.5227e-12,9,0,0,0,0,0,0,0,0,0,0,0,0,0,0
8,0,0,2.73126e-08,0,0,5.52377e-17,187,1.58343e-09,3164,3.67576e-14,205,1.05315e-09,106,2.4462e-08,9919,0,0,0,0,2.0532e-10,9,0,0,0,0,0,0,0,0,0,0,0,0,0,0,2.60115e-13,2,0,0,0,0,0,0,0,0,0,0,8.39847e-12,4,0,0,0,0,0,0,0,0,0,0,0,0,0,0
9,0,0,2.75681e-08,0,0,7.57012e-16,194,1.69121e-09,3398,5.19569e-14,212,1.03691e-09,112,2.46215e-08,9911,3.91046e-16,1,0,0,2.10843e-10,10,0,0,0,0,0,0,0,0,0,0,0,0,0,0,1.42272e-12,1,0,0,0,0,0,0,5.31793e-13,1,0,0,5.61693e-12,7,0,0,0,0,0,0,0,0,0,0,0,0,0,0
10,0,0,2.81139e-08,0,0,7.5068e-16,191,1.6689e-09,3368,6.50325e-14,219,1.41483e-09,119,2.46777e-08,9902,0,0,0,0,3.11818e-10,10,0,0,0,0,0,0,0,0,0,0,0,0,0,0,3.28151e-12,2,1.07854e-11,1,0,0,0,0,9.43884e-13,1,0,0,2.55899e-11,13,0,0,0,0,0,0,0,0,0,0,0,0,0,0
11,0,0,2.76008e-08,0,0,3.49243e-16,194,1.65646e-09,3304,3.9124e-14,226,1.03213e-09,119,2.48283e-08,9893,0,0,0,0,7.60408e-11,5,0,0,0,0,0,0,0,0,0,0,0,0,0,0,6.78565e-13,1,0,0,0,0,0,0,0,0,0,0,7.11412e-12,9,0,0,0,0,0,0,0,0,0,0,0,0,0,0
12,0,0,2.77706e-08,0,0,1.95755e-15,215,1.63813e-09,3350,6.55619e-14,233,1.04154e-09,108,2.49e-08,9888,9.45001e-15,2,0,0,1.28855e-10,5,0,0,0,0,0,0,0,0,0,0,0,0,0,0,3.91368e-11,4,0,0,0,0,0,0,0,0,0,0,2.28538e-11,10,0,0,0,0,0,0,0,0,0,0,0,0,0,0
13,0,0,2.82005e-08,0,0,9.4387e-16,202,1.68097e-09,3449,2.76335e-16,241,9.79879e-10,126,2.49903e-08,9883,1.60723e-11,2,0,0,5.15733e-10,15,0,0,0,0,0,0,0,0,0,0,0,0,0,0,1.49349e-12,2,0,0,0,0,0,0,9.86729e-12,2,0,0,6.17862e-12,9,0,0,0,0,0,0,0,0,0,0,0,0,0,0
14,0,0,2.79207e-08,0,0,4.09595e-16,195,1.64969e-09,3318,5.49429e-14,250,9.2189e-10,126,2.5076e-08,9868,0,0,0,0,2.56925e-10,10,0,0,0,0,0,0,0,0,0,0,0,0,0,0,5.3372e-12,1,0,0,0,0,0,0,0,0,0,0,1.08216e-11,7,0,0,0,0,0,0,0,0,0,0,0,0,0,0
15,0,0,2.81989e-08,0,0,2.28013e-16,192,1.65144e-09,3331,1.35107e-13,254,1.1082e-09,129,2.52262e-08,9860,0,0,0,0,1.7765e-10,5,0,0,0,0,0,0,0,0,0,0,0,0,0,0,4.46498e-12,3,0,0,0,0,0,0,0,0,0,0,3.08834e-11,12,0,0,0,0,0,0,0,0,0,0,0,0,0,0
16,0,0,2.83292e-08,0,0,4.86303e-16,197,1.60852e-09,3266,2.98276e-14,264,1.02985e-09,138,2.53272e-08,9856,0,0,0,0,3.53608e-10,13,0,0,0,0,0,0,0,0,0,0,0,0,0,0,1.6008e-12,2,0,0,0,0,0,0,5.66355e-13,1,0,0,7.7491e-12,7,0,0,0,0,0,0,0,0,0,0,0,0,0,0
17,0,0,2.87214e-08,0,0,4.13491e-16,202,1.61993e-09,3324,3.8088e-14,266,1.25007e-09,157,2.54273e-08,9843,0,0,0,0,4.12671e-10,13,0,0,0,0,0,0,0,0,0,0,0,0,0,0,5.4355e-12,6,0,0,0,0,0,0,0,0,0,0,5.09731e-12,6,0,0,0,0,0,0,0,0,8.34999e-13,1,0,0,0,0
18,0,0,2.88564e-08,0,0,4.80986e-16,205,1.64607e-09,3348,5.1771e-14,274,1.23331e-09,165,2.5447e-08,9831,0,0,0,0,4.74171e-10,15,0,0,0,0,0,0,0,0,0,0,0,0,0,0,2.94728e-12,2,0,0,0,0,0,0,5.57269e-13,1,0,0,5.22896e-11,15,0,0,0,0,0,0,0,0,0,0,0,0,0,0
19,0,0,2.89779e-08,0,0,4.04075e-16,211,1.58032e-09,3246,6.53257e-14,274,1.37627e-09,171,2.55867e-08,9818,0,0,0,0,4.11573e-10,9,0,0,0,0,0,0,0,0,0,0,0,0,0,0,1.17856e-11,5,0,0,0,0,0,0,0,0,0,0,1.11288e-11,11,0,0,0,0,0,0,0,0,0,0,0,0,0,0
20,0,0,2.93989e-08,0,0,3.88247e-16,213,1.63869e-09,3381,1.08709e-13,276,1.56323e-09,181,2.57324e-08,9809,0,0,0,0,4.23751e-10,13,0,0,0,0,0,0,0,0,0,0,0,0,0,0,1.89286e-11,5,0,0,0,0,0,0,4.13416e-13,1,0,0,2.13853e-11,10,0,0,0,0,0,0,0,0,0,0,0,0,0,0
21,0,0,2.93921e-08,0,0,4.35692e-16,213,1.65518e-09,3361,1.52845e-14,280,1.3155e-09,180,2.5887e-08,9797,2.15724e-11,1,0,0,4.77783e-10,10,0,0,0,0,0,0,0,0,2.46522e-11,1,0,0,0,0,3.12605e-12,3,0,0,0,0,0,0,0,0,0,0,6.81196e-12,5,0,0,5.00181e-13,1,0,0,0,0,0,0,0,0,0,0
22,0,0,2.98688e-08,0,0,5.41662e-16,215,1.64679e-09,3358,7.81146e-14,283,1.83543e-09,195,2.58802e-08,9788,0,0,0,0,4.58461e-10,19,0,0,0,0,0,0,0,0,0,0,0,0,0,0,8.33074e-12,7,0,0,0,0,0,0,0,0,0,0,3.95661e-11,11,0,0,0,0,0,0,0,0,0,0,0,0,0,0
23,0,0,2.96188e-08,0,0,9.21061e-16,227,1.59694e-09,3313,7.34294e-14,283,1.7162e-09,191,2.60806e-08,9775,3.41742e-15,1,0,0,2.17826e-10,8,0,0,0,0,0,0,0,0,0,0,0,0,0,0,3.46966e-12,4,0,0,0,0,0,0,0,0,0,0,3.66775e-12,4,0,0,0,0,0,0,0,0,0,0,0,0,0,0
24,0,0,3.01951e-08,0,0,6.06762e-16,220,1.63004e-09,3373,1.11557e-13,294,2.04378e-09,209,2.61581e-08,9766,0,0,0,0,3.43397e-10,15,0,0,0,0,0,0,0,0,0,0,0,0,0,0,9.9898e-12,7,0,0,0,0,0,0,0,0,0,0,6.51316e-12,5,0,0,0,0,3.14638e-12,2,0,0,0,0,0,0,0,0
25,0,0,3.01638e-08,0,0,3.57726e-16,225,1.67101e-09,3426,8.07593e-14,300,1.84025e-09,210,2.62584e-08,9752,1.98533e-15,1,0,0,3.72685e-10,15,0,0,0,0,0,0,0,0,0,0,0,0,0,0,3.49519e-12,3,0,0,0,0,0,0,0,0,0,0,1.7817e-11,10,0,0,0,0,0,0,0,0,0,0,0,0,0,0
26,0,0,3.03983e-08,0,0,3.65437e-16,223,1.54351e-09,3210,2.05117e-14,309,2.05778e-09,218,2.6328e-08,9740,0,0,0,0,4.427e-10,18,0,0,0,0,0,0,0,0,0,0,0,0,0,0,9.96849e-12,4,0,0,0,0,0,0,0,0,0,0,1.63567e-11,8,0,0,0,0,0,0,0,0,0,0,0,0,0,0
27,0,0,2.99646e-08,0,0,2.92504e-16,223,1.63328e-09,3369,4.17105e-14,307,1.78718e-09,205,2.64571e-08,9723,0,0,0,0,6.37635e-11,8,0,0,0,0,0,0,0,0,0,0,0,0,0,0,6.84136e-12,3,0,0,0,0,0,0,8.10808e-13,1,0,0,1.56213e-11,7,0,0,0,0,0,0,0,0,0,0,0,0,0,0
28,0,0,3.06544e-08,0,0,5.68084e-16,232,1.60593e-09,3352,1.35235e-13,314,2.11152e-09,209,2.65449e-08,9715,0,0,0,0,3.52161e-10,9,0,0,0,0,0,0,0,0,0,0,0,0,0,0,1.30454e-11,7,0,0,0,0,0,0,0,0,0,0,2.67014e-11,13,0,0,0,0,0,0,0,0,0,0,0,0,0,0
29,0,0,3.08416e-08,0,0,4.0371e-16,237,1.64668e-09,3430,2.28122e-14,317,2.20246e-09,215,2.67369e-08,9706,0,0,0,0,1.99771e-10,9,0,0,0,0,0,0,0,0,0,0,0,0,0,0,4.42465e-11,6,0,0,0,0,0,0,0,0,0,0,1.14113e-11,8,1.32511e-13,1,0,0,0,0,0,0,0,0,0,0,0,0
30,0,0,3.07184e-08,0,0,4.16292e-16,238,1.58234e-09,3346,7.08994e-14,323,2.04943e-09,214,2.68621e-08,9697,0,0,0,0,1.9711e-10,11,0,0,0,0,0,0,0,0,0,0,0,0,0,0,1.902e-11,4,0,0,0,0,0,0,0,0,0,0,8.30536e-12,6,0,0,0,0,0,0,0,0,0,0,0,0,0,0
31,0,0,3.06879e-08,0,0,1.33346e-15,245,1.59168e-09,3319,2.80348e-14,326,1.82742e-09,206,2.69486e-08,9684,5.14428e-15,1,0,0,2.8711e-10,11,0,0,0,0,0,0,0,0,0,0,0,0,0,0,4.83704e-12,4,0,0,0,0,0,0,0,0,0,0,2.82132e-11,10,0,0,0,0,0,0,0,0,0,0,0,0,0,0
32,0,0,3.09406e-08,0,0,2.49199e-16,247,1.60228e-09,3365,1.85403e-14,328,2.0504e-09,212,2.70923e-08,9674,0,0,0,0,1.6722e-10,10,0,0,0,0,0,0,2.16972e-12,1,0,0,0,0,0,0,4.57014e-12,5,0,0,0,0,0,0,0,0,0,0,2.17298e-11,13,0,0,0,0,0,0,0,0,0,0,0,0,0,0
33,0,0,3.09679e-08,0,0,1.67108e-15,260,1.59574e-09,3378,3.47257e-14,335,1.77757e-09,209,2.73277e-08,9666,6.66929e-15,2,0,0,2.24323e-10,12,0,0,0,0,0,0,0,0,0,0,0,0,0,0,1.7201e-11,6,0,0,0,0,0,0,0,0,0,0,2.53166e-11,6,0,0,0,0,0,0,0,0,0,0,0,0,0,0
34,0,0,3.17861e-08,0,0,4.47624e-16,252,1.63763e-09,3425,4.80442e-14,341,2.17217e-09,226,2.74408e-08,9656,0,0,0,0,4.90486e-10,14,0,0,0,0,0,0,0,0,0,0,0,0,0,0,7.72962e-12,4,0,0,0,0,0,0,6.67213e-12,2,2.27298e-11,1,7.86919e-12,7,0,0,0,0,0,0,0,0,0,0,0,0,0,0
35,0,0,3.16235e-08,0,0,6.11917e-16,255,1.60562e-09,3356,6.6327e-14,346,2.10651e-09,215,2.75476e-08,9643,0,0,0,0,3.29392e-10,8,0,0,0,0,0,0,0,0,0,0,0,0,0,0,2.94729e-11,5,0,0,0,0,0,0,0,0,0,0,4.83644e-12,7,0,0,0,0,0,0,0,0,0,0,0,0,0,0
36,0,0,3.15782e-08,0,0,3.1172e-15,287,1.54638e-09,3342,6.61654e-14,352,1.90776e-09,209,2.77255e-08,9636,6.86578e-15,2,0,0,3.40639e-10,9,0,0,0,0,0,0,0,0,0,0,0,0,0,0,2.73835e-11,11,0,0,0,0,0,0,0,0,0,0,3.05035e-11,20,0,0,0,0,0,0,0,0,0,0,0,0,0,0
37,0,0,3.15922e-08,0,0,6.02054e-16,266,1.55437e-09,3305,1.53912e-14,356,1.89379e-09,211,2.78563e-08,9628,0,0,0,0,2.56047e-10,12,0,0,0,0,0,0,0,0,0,0,0,0,0,0,8.66774e-12,5,0,0,1.70854e-13,1,0,0,0,0,0,0,2.28289e-11,13,0,0,0,0,0,0,0,0,0,0,1.66271e-15,1,0,0
38,0,0,3.16814e-08,0,1,1.0929e-15,272,1.58466e-09,3394,1.12611e-13,362,1.66252e-09,202,2.81034e-08,9617,3.89027e-15,1,0,0,2.7066e-10,10,0,0,0,0,0,0,0,0,0,0,0,0,4.69046e-11,1,1.28594e-14,1,0,0,0,0,0,0,0,0,0,0,1.31705e-11,9,0,0,0,0,0,0,0,0,0,0,0,0,0,0
39,0,0,3.19135e-08,0,1,4.19985e-16,268,1.56539e-09,3333,6.87748e-14,367,1.74983e-09,211,2.8317e-08,9609,0,0,0,0,2.67075e-10,13,0,0,0,0,0,0,0,0,0,0,0,0,0,0,2.73838e-12,2,0,0,0,0,0,0,7.10211e-13,1,0,0,1.07054e-11,7,0,0,0,0,0,0,0,0,0,0,0,0,0,0
40,0,0,3.25758e-08,0,1,2.57174e-15,295,1.55905e-09,3369,1.31058e-14,372,2.31956e-09,223,2.84712e-08,9597,6.00412e-15,2,0,0,1.8736e-10,9,0,0,0,0,0,0,0,0,0,0,0,0,0,0,1.70846e-11,6,4.74168e-12,1,0,0,0,0,3.00058e-12,3,0,0,1.37173e-11,11,0,0,0,0,0,0,0,0,0,0,0,0,0,0
41,0,0,3.21537e-08,0,1,1.10427e-15,275,1.53322e-09,3306,9.03852e-15,376,1.77386e-09,206,2.86647e-08,9587,1.67897e-11,2,0,0,1.01839e-10,6,0,0,0,0,0,0,0,0,6.81528e-12,1,0,0,0,0,2.46058e-11,5,0,0,0,0,0,0,3.21459e-12,1,0,0,2.8583e-11,17,0,0,0,0,0,0,0,0,0,0,0,0,0,0
42,0,0,3.23892e-08,0,1,6.57941e-16,268,1.54833e-09,3378,9.64139e-14,373,1.64839e-09,205,2.89496e-08,9582,0,0,0,0,1.9344e-10,6,0,0,0,0,0,0,0,0,0,0,0,0,0,0,2.39907e-11,4,3.68835e-12,1,0,0,0,0,0,0,0,0,2.16777e-11,12,0,0,0,0,0,0,0,0,0,0,0,0,0,0
43,0,0,3.27739e-08,0,1,1.05601e-15,277,1.57032e-09,3388,1.06832e-13,373,1.92784e-09,210,2.91364e-08,9574,2.24883e-15,1,0,0,1.00681e-10,6,0,0,0,0,0,0,0,0,0,0,0,0,0,0,4.76357e-13,2,0,0,0,0,0,0,0,0,8.4603e-12,1,2.9583e-11,14,0,0,0,0,0,0,0,0,0,0,0,0,0,0
44,0,0,3.30077e-08,2.23594e-12,2,1.13918e-15,269,1.53923e-09,3352,5.98592e-14,373,1.92778e-09,214,2.93183e-08,9564,2.85834e-15,1,0,0,1.84658e-10,8,0,0,0,0,0,0,0,0,0,0,0,0,0,0,7.29497e-12,4,4.08301e-12,1,0,0,0,0,0,0,0,0,2.40161e-11,10,0,0,0,0,0,0,0,0,0,0,0,0,0,0
45,0,0,3.27513e-08,1.80553e-12,2,5.42839e-16,270,1.51246e-09,3305,1.91486e-14,376,1.56208e-09,203,2.94197e-08,9552,0,0,0,0,1.89083e-10,7,0,0,0,0,0,0,0,0,0,0,0,0,0,0,1.91034e-11,7,0,0,0,0,0,0,9.19271e-12,1,0,0,3.66131e-11,17,0,0,0,0,0,0,1.20211e-12,1,0,0,0,0,0,0
46,0,0,3.32378e-08,2.73248e-12,2,1.83738e-15,285,1.5469e-09,3374,7.77553e-14,373,1.75991e-09,203,2.96565e-08,9544,8.98105e-16,1,0,0,2.44933e-10,8,0,0,0,0,0,0,0,0,0,0,0,0,0,0,5.25105e-12,3,0,0,0,0,0,0,4.44755e-12,1,0,0,1.70509e-11,15,0,0,0,0,0,0,0,0,0,0,0,0,0,0
47,0,0,3.38096e-08,1.77447e-12,2,1.18792e-15,278,1.51601e-09,3355,8.39209e-14,378,1.97837e-09,220,2.98248e-08,9536,3.39378e-15,1,0,0,4.43599e-10,15,0,0,0,0,0,0,0,0,0,0,0,0,0,0,8.18378e-12,5,1.76543e-11,2,0,0,0,0,0,0,0,0,1.91193e-11,11,0,0,0,0,0,0,0,0,0,0,0,0,0,0
48,0,0,3.41025e-08,1.2419e-12,2,3.656e-16,267,1.47405e-09,3233,7.46406e-14,383,2.17579e-09,226,3.00097e-08,9522,0,0,0,0,4.07711e-10,13,0,0,0,0,0,0,0,0,0,0,0,0,0,0,3.2186e-12,6,2.21334e-13,1,0,0,0,0,5.26658e-13,1,0,0,2.99034e-11,17,0,0,0,0,0,0,0,0,0,0,0,0,0,0
49,0,0,3.40966e-08,1.49191e-12,2,1.33772e-15,288,1.51071e-09,3358,6.82746e-14,388,1.99851e-09,222,3.02039e-08,9507,3.49752e-15,1,0,0,3.49807e-10,13,0,0,0,0,0,0,0,0,0,0,0,0,0,0,1.2817e-11,6,0,0,0,0,0,0,6.20798e-13,1,0,0,1.86963e-11,14,0,0,0,0,0,0,0,0,0,0,0,0,0,0
50,0,0,3.40394e-08,1.12643e-12,2,7.23244e-16,276,1.43958e-09,3178,9.69883e-14,387,1.98978e-09,222,3.04719e-08,9493,0,0,0,0,9.78808e-11,6,0,0,0,0,0,0,0,0,0,0,0,0,0,0,2.31032e-11,6,0,0,0,0,0,0,1.08333e-12,1,0,0,1.48497e-11,15,0,0,0,0,0,0,0,0,0,0,0,0,0,0
51,0,0,3.42889e-08,0,1,4.14059e-16,281,1.49332e-09,3299,9.83764e-14,388,1.83359e-09,216,3.07202e-08,9485,0,0,0,0,1.81932e-10,6,0,0,0,0,0,0,0,0,0,0,0,0,0,0,3.30181e-11,5,0,0,0,0,0,0,0,0,0,0,2.67477e-11,15,0,0,0,0,0,0,0,0,0,0,0,0,0,0
52,0,0,3.48084e-08,0,1,1.77225e-15,296,1.49009e-09,3341,6.78197e-14,389,2.23795e-09,222,3.08383e-08,9476,2.54219e-15,1,0,0,2.24402e-10,13,0,0,0,0,0,0,0,0,0,0,0,0,0,0,4.8372e-13,2,0,0,0,0,0,0,2.29656e-12,2,0,0,1.47738e-11,12,0,0,0,0,0,0,0,0,0,0,0,0,0,0
53,0,0,3.46851e-08,0,1,4.45838e-16,290,1.43372e-09,3214,5.04763e-14,388,1.96108e-09,212,3.11137e-08,9466,0,0,0,0,1.07058e-10,6,0,0,0,0,3.26681e-12,1,0,0,0,0,0,0,0,0,1.85638e-11,7,0,0,0,0,0,0,0,0,0,0,4.76918e-11,13,0,0,0,0,0,0,0,0,0,0,0,0,0,0
54,0,0,3.52421e-08,0,1,1.71371e-15,311,1.48088e-09,3297,1.23142e-13,390,1.98591e-09,212,3.13936e-08,9460,3.25891e-15,2,0,0,3.52331e-10,14,0,0,0,0,0,0,0,0,0,0,0,0,0,0,8.05167e-12,4,0,0,0,0,0,0,0,0,0,0,2.11235e-11,15,0,0,0,0,0,0,0,0,0,0,0,0,0,0
55,0,0,3.53121e-08,0,1,4.30578e-16,298,1.40389e-09,3170,3.4983e-14,394,1.98939e-09,214,3.16285e-08,9450,0,0,1.02623e-11,1,2.44183e-10,16,0,0,0,0,0,0,0,0,0,0,0,0,0,0,1.74571e-11,7,0,0,0,0,0,0,0,0,0,0,1.83712e-11,9,0,0,0,0,0,0,0,0,0,0,0,0,0,0
56,0,0,3.56096e-08,0,1,1.70307e-15,310,1.39283e-09,3157,6.80258e-14,392,2.07363e-09,213,3.19431e-08,9434,4.60655e-15,1,0,0,1.6637e-10,9,0,0,0,0,0,0,0,0,0,0,0,0,0,0,9.18519e-12,4,0,0,0,0,0,0,0,0,0,0,2.44091e-11,13,0,0,0,0,0,0,0,0,0,0,0,0,0,0
57,0,0,3.57997e-08,0,1,6.15366e-16,303,1.41751e-09,3195,1.21029e-13,394,1.85971e-09,203,3.22655e-08,9422,1.2474e-15,1,0,0,2.12837e-10,9,0,0,0,0,0,0,0,0,0,0,0,0,0,0,9.40338e-12,5,0,0,0,0,0,0,5.97362e-13,1,0,0,3.32236e-11,21,0,0,0,0,0,0,7.71134e-13,1,0,0,0,0,0,0
58,0,0,3.61169e-08,0,1,1.65514e-15,307,1.41583e-09,3234,3.22449e-14,394,1.8444e-09,200,3.26641e-08,9412,4.71324e-15,1,0,0,1.53199e-10,8,0,0,0,0,0,0,0,0,0,0,0,0,0,0,3.79509e-12,4,0,0,0,0,0,0,1.43027e-11,1,0,0,2.12106e-11,13,0,0,0,0,0,0,0,0,0,0,0,0,0,0
59,0,0,3.64154e-08,0,1,7.92687e-16,295,1.39837e-09,3182,2.62173e-14,391,1.79448e-09,201,3.30131e-08,9403,0,0,0,0,1.69196e-10,9,0,0,0,0,0,0,0,0,0,0,0,0,0,0,1.96446e-11,8,0,0,0,0,0,0,7.55986e-14,1,0,0,2.05092e-11,13,0,0,0,0,0,0,0,0,0,0,0,0,0,0
60,0,0,3.67803e-08,0,1,3.96648e-16,299,1.36122e-09,3103,1.00017e-13,398,1.93029e-09,209,3.32514e-08,9390,0,0,0,0,2.09297e-10,11,0,0,0,0,0,0,0,0,0,0,0,0,0,0,1.45176e-11,4,0,0,0,0,0,0,0,0,0,0,1.3475e-11,8,0,0,0,0,0,0,0,0,0,0,0,0,0,0
61,0,0,3.7249e-08,0,1,5.26218e-16,306,1.37837e-09,3151,9.91361e-14,402,2.09855e-09,210,3.34148e-08,9377,4.79052e-15,1,0,0,3.06745e-10,15,0,0,0,0,0,0,0,0,0,0,0,0,0,0,1.84996e-11,6,0,0,0,0,0,0,0,0,0,0,3.19202e-11,14,0,0,0,0,0,0,0,0,0,0,0,0,0,0
62,0,0,3.7536e-08,0,1,8.46098e-16,303,1.38064e-09,3186,7.47382e-14,408,2.08571e-09,197,3.38692e-08,9365,0,0,0,0,1.61063e-10,8,0,0,0,0,0,0,0,0,0,0,0,0,0,0,1.59155e-11,8,0,0,0,0,0,0,9.10788e-13,1,0,0,2.25079e-11,12,0,0,0,0,0,0,0,0,0,0,0,0,0,0
63,0,0,3.79375e-08,0,1,1.5223e-15,321,1.36412e-09,3172,6.88107e-14,404,1.95036e-09,197,3.42611e-08,9358,5.43359e-15,2,0,0,3.26066e-10,9,0,0,0,0,0,0,0,0,0,0,0,0,0,0,1.79935e-11,4,0,0,0,0,0,0,3.55875e-13,1,0,0,1.71846e-11,14,0,0,0,0,1.83315e-13,1,0,0,0,0,0,0,0,0
64,0,0,3.8454e-08,2.25291e-12,2,8.23127e-16,318,1.32926e-09,3086,1.76679e-14,410,2.02451e-09,199,3.46817e-08,9347,1.97975e-15,1,0,0,3.61408e-10,11,0,0,0,0,0,0,0,0,0,0,0,0,0,0,3.33763e-11,10,0,0,0,0,0,0,1.85909e-12,1,0,0,1.95988e-11,17,0,0,0,0,0,0,0,0,0,0,0,0,0,0
65,0,0,3.85785e-08,8.4349e-13,2,7.01409e-16,312,1.27532e-09,2943,1.61799e-13,411,1.8859e-09,195,3.51371e-08,9335,0,0,0,0,2.48439e-10,13,0,0,0,0,0,0,0,0,0,0,0,0,0,0,2.30994e-12,3,0,0,0,0,0,0,0,0,0,0,2.84615e-11,16,0,0,0,0,0,0,0,0,0,0,0,0,0,0
66,0,0,3.89476e-08,1.67973e-12,3,8.836e-16,316,1.23854e-09,2926,1.0298e-13,415,1.81019e-09,197,3.55216e-08,9321,0,0,0,0,3.27617e-10,18,0,0,0,0,0,0,0,0,0,0,0,0,0,0,2.47542e-11,8,0,0,0,0,0,0,0,0,0,0,2.3122e-11,20,0,0,0,0,0,0,0,0,0,0,0,0,0,0
67,0,0,3.98501e-08,1.24178e-12,2,1.63012e-15,334,1.22938e-09,2882,9.43327e-14,418,1.9534e-09,196,3.60022e-08,9306,4.29707e-15,2,0,0,6.24077e-10,17,4.45351e-13,1,0,0,0,0,0,0,0,0,0,0,0,0,1.125e-11,6,0,0,0,0,0,0,0,0,0,0,2.79916e-11,21,0,0,0,0,0,0,0,0,0,0,0,0,0,0
68,0,0,3.98832e-08,1.02968e-12,2,6.86433e-16,311,1.25364e-09,2907,2.31851e-14,410,1.82832e-09,186,3.6545e-08,9294,0,0,0,0,2.26734e-10,12,0,0,0,0,0,0,0,0,0,0,0,0,0,0,6.31932e-12,5,0,0,0,0,0,0,0,0,0,0,2.21601e-11,15,0,0,0,0,0,0,0,0,0,0,1.5725e-15,1,0,0
69,0,0,4.03064e-08,1.58982e-13,2,3.50096e-16,304,1.16769e-09,2720,1.52027e-13,408,1.83425e-09,185,3.70982e-08,9282,0,0,0,0,1.58419e-10,9,0,0,0,0,0,0,0,0,0,0,0,0,0,0,1.69567e-11,9,0,0,0,0,0,0,0,0,0,0,3.06183e-11,21,0,0,0,0,0,0,0,0,0,0,0,0,0,0
70,0,0,4.10573e-08,0,1,4.4316e-16,303,1.19241e-09,2772,6.8701e-14,410,1.79336e-09,180,3.78286e-08,9272,0,0,0,0,1.57339e-10,11,0,0,0,0,0,0,0,0,0,0,0,0,0,0,9.52778e-12,5,9.80906e-12,4,0,0,0,0,0,0,0,0,6.61497e-11,20,0,0,0,0,0,0,0,0,0,0,0,0,0,0
71,0,0,4.15337e-08,0,1,5.42271e-16,303,1.16124e-09,2748,1.29748e-13,414,1.57545e-09,175,3.85941e-08,9262,0,0,0,0,1.44226e-10,8,0,0,0,0,0,0,0,0,0,0,0,0,0,0,8.35477e-12,6,0,0,0,0,0,0,4.4766e-14,1,0,0,4.73972e-11,23,0,0,2.71298e-12,1,0,0,0,0,0,0,0,0,0,0
72,0,0,4.26712e-08,5.29266e-13,2,5.08341e-16,304,1.17151e-09,2755,7.30004e-14,407,1.93373e-09,179,3.92011e-08,9251,0,0,0,0,3.06659e-10,20,0,0,0,0,0,0,0,0,0,0,0,0,0,0,3.11621e-11,6,1.95661e-12,1,0,0,0,0,8.07011e-13,1,0,0,2.37301e-11,13,0,0,0,0,0,0,0,0,0,0,0,0,0,0
73,0,0,4.36504e-08,3.98428e-12,2,4.04237e-16,300,1.1052e-09,2607,6.41267e-14,403,2.17483e-09,183,4.00328e-08,9230,0,0,0,0,2.63865e-10,13,0,0,0,0,2.17737e-12,1,0,0,0,0,0,0,0,0,8.7785e-12,5,0,0,0,0,0,0,3.15186e-13,1,0,0,5.78737e-11,21,0,0,0,0,5.05193e-13,1,0,0,0,0,0,0,0,0
74,0,0,4.43759e-08,2.11358e-12,2,2.33774e-15,311,1.11342e-09,2662,7.46004e-14,399,2.02342e-09,181,4.09661e-08,9217,3.28645e-15,1,0,0,1.95218e-10,10,0,0,0,0,0,0,0,0,0,0,0,0,0,0,6.73581e-12,6,3.72427e-13,1,0,0,0,0,0,0,0,0,6.84607e-11,23,0,0,0,0,0,0,0,0,0,0,0,0,0,0
75,0,0,4.58936e-08,1.42888e-12,2,4.85694e-16,299,1.0741e-09,2572,4.53507e-14,399,1.97363e-09,177,4.2394e-08,9207,0,0,0,0,3.82711e-10,17,4.11461e-12,1,0,0,0,0,0,0,0,0,0,0,0,0,1.17099e-11,6,1.32638e-11,1,0,0,0,0,7.28419e-12,2,0,0,3.13765e-11,17,0,0,0,0,0,0,0,0,0,0,0,0,0,0
76,0,0,4.69111e-08,1.19076e-12,2,1.44086e-15,310,1.06047e-09,2559,1.11647e-13,398,1.90143e-09,168,4.37183e-08,9181,4.46763e-15,1,0,0,1.98414e-10,13,0,0,0,0,0,0,0,0,0,0,0,0,0,0,2.67292e-12,1,0,0,0,0,0,0,0,0,0,0,2.84845e-11,22,0,0,0,0,0,0,0,0,0,0,0,0,0,0
77,0,0,4.78462e-08,1.83889e-12,2,1.68319e-15,321,1.05398e-09,2553,1.95499e-13,393,1.52556e-09,156,4.51046e-08,9135,8.22324e-15,2,0,0,1.17988e-10,6,3.44872e-12,1,0,0,0,0,0,0,0,0,0,0,0,0,1.76829e-11,11,0,0,0,0,0,0,0,0,0,0,2.08682e-11,15,0,0,0,0,0,0,0,0,0,0,0,0,0,0
78,0,0,4.82455e-08,4.7557e-12,2,8.40863e-16,306,1.03521e-09,2476,1.13984e-13,392,1.6738e-09,157,4.52006e-08,9064,0,0,0,0,2.72244e-10,9,0,0,0,0,0,0,0,0,0,0,0,0,0,0,1.60783e-11,6,0,0,0,0,0,0,1.94626e-12,1,0,0,4.07707e-11,20,0,0,0,0,0,0,0,0,0,0,0,0,0,0
79,0,0,4.82249e-08,0,1,8.49751e-16,304,9.58979e-10,2312,9.17898e-14,390,1.75034e-09,158,4.53626e-08,8972,0,0,0,0,1.19052e-10,11,3.38385e-12,1,0,0,0,0,0,0,0,0,0,0,0,0,6.43028e-12,4,0,0,0,0,0,0,3.76396e-13,1,1.42208e-12,1,2.21844e-11,16,0,0,0,0,0,0,0,0,0,0,0,0,0,0
80,0,0,4.85093e-08,0,1,6.46171e-16,304,9.84494e-10,2426,7.05547e-14,391,1.88179e-09,153,4.53634e-08,8887,0,0,0,0,2.3836e-10,10,3.38161e-12,1,0,0,0,0,0,0,0,0,0,0,0,0,1.09359e-11,5,0,0,0,0,0,0,0,0,0,0,2.68836e-11,16,0,0,0,0,0,0,0,0,0,0,0,0,0,0
81,0,0,4.83363e-08,0,1,6.79159e-16,310,9.16193e-10,2268,6.57119e-14,390,1.73431e-09,149,4.55455e-08,8788,6.54613e-16,1,0,0,1.16789e-10,9,0,0,0,0,0,0,0,0,0,0,0,0,0,0,5.6872e-12,7,0,0,0,0,0,0,0,0,0,0,1.77359e-11,10,0,0,0,0,0,0,0,0,0,0,0,0,0,0
82,0,0,4.8259e-08,0,1,1.72775e-16,305,9.23315e-10,2269,5.4365e-14,388,1.41306e-09,142,4.567e-08,8702,0,0,0,0,2.11106e-10,9,0,0,0,0,0,0,0,0,0,0,0,0,0,0,1.31408e-11,5,0,0,0,0,0,0,0,0,0,0,2.83661e-11,15,0,0,0,0,0,0,0,0,0,0,0,0,0,0
83,0,0,4.82156e-08,0,1,3.76355e-16,307,8.66048e-10,2127,7.84625e-14,386,1.68511e-09,143,4.54804e-08,8589,0,0,0,0,1.20379e-10,8,0,0,0,0,0,0,0,0,0,0,0,0,0,0,1.13191e-11,5,0,0,0,0,0,0,0,0,0,0,5.23139e-11,20,0,0,0,0,0,0,0,0,0,0,0,0,0,0
84,0,0,4.82063e-08,3.91451e-12,2,2.31613e-15,317,8.28507e-10,2078,6.17587e-14,383,1.4976e-09,140,4.54926e-08,8483,4.05752e-15,1,0,0,3.5943e-10,7,0,0,0,0,0,0,0,0,0,0,0,0,0,0,4.46248e-12,3,0,0,0,0,0,0,0,0,0,0,1.97317e-11,12,0,0,0,0,0,0,0,0,0,0,0,0,0,0
85,0,0,4.81282e-08,1.68463e-12,2,9.35225e-16,304,8.27609e-10,2032,1.12518e-13,378,1.52253e-09,136,4.55517e-08,8392,0,0,0,0,1.84333e-10,15,6.78941e-12,2,0,0,0,0,0,0,0,0,0,0,0,0,1.45967e-11,6,0,0,0,0,0,0,0,0,0,0,1.85792e-11,16,0,0,0,0,2.89427e-13,1,0,0,0,0,0,0,0,0
86,0,0,4.7425e-08,1.06043e-12,2,8.51496e-16,303,8.05284e-10,2010,3.2667e-15,376,1.1821e-09,118,4.53648e-08,8286,1.17574e-11,1,0,0,1.82196e-11,3,0,0,0,0,0,0,0,0,0,0,0,0,0,0,1.46168e-11,8,0,0,0,0,0,0,0,0,1.51942e-11,1,1.20162e-11,9,0,0,0,0,0,0,0,0,0,0,0,0,0,0
87,0,0,4.76186e-08,7.43589e-13,2,1.88291e-15,314,8.12095e-10,2052,5.59736e-14,375,1.19907e-09,117,4.5496e-08,8181,1.66693e-15,1,0,0,6.53304e-11,5,0,0,0,0,0,0,0,0,0,0,0,0,0,0,1.69198e-11,6,0,0,3.41718e-13,2,0,0,2.45519e-12,1,0,0,2.56573e-11,16,0,0,0,0,0,0,0,0,0,0,0,0,0,0
88,0,0,4.77122e-08,0,1,7.2089e-16,300,7.70481e-10,1940,6.82206e-14,371,1.36097e-09,121,4.53974e-08,8082,0,0,0,0,1.47741e-10,13,0,0,0,0,0,0,0,0,0,0,0,0,0,0,1.07228e-11,6,0,0,0,0,0,0,0,0,0,0,2.47855e-11,22,0,0,0,0,0,0,0,0,0,0,0,0,0,0
89,0,0,4.72369e-08,0,1,1.19737e-15,304,7.7454e-10,1938,3.14172e-14,369,1.15983e-09,112,4.51523e-08,7963,0,0,0,0,1.12672e-10,9,0,0,0,0,0,0,0,0,0,0,0,0,0,0,2.06375e-11,9,0,0,1.70819e-13,1,0,0,0,0,0,0,1.66829e-11,13,0,0,0,0,0,0,0,0,0,0,0,0,0,0
90,0,0,4.79245e-08,0,1,1.0666e-15,309,6.96831e-10,1751,3.25676e-14,367,1.47009e-09,128,4.55209e-08,7860,0,0,0,0,1.7234e-10,14,0,0,0,0,0,0,0,0,0,0,0,0,0,0,3.82577e-11,10,0,0,0,0,0,0,0,0,0,0,2.60391e-11,15,0,0,0,0,0,0,0,0,0,0,0,0,0,0
91,0,0,4.79277e-08,0,1,7.728e-16,310,6.7816e-10,1725,5.30819e-15,366,1.48561e-09,123,4.5354e-08,7741,0,0,0,0,3.27927e-10,13,0,0,0,0,0,0,0,0,0,0,9.35392e-12,1,0,0,2.10908e-11,5,0,0,0,0,0,0,0,0,0,0,5.15808e-11,19,0,0,0,0,0,0,0,0,0,0,0,0,0,0
92,0,0,4.72322e-08,0,1,4.9747e-16,316,6.23565e-10,1591,3.60737e-14,361,1.47276e-09,115,4.49253e-08,7613,3.58056e-15,1,0,0,1.43925e-10,7,0,0,0,0,0,0,0,0,0,0,0,0,0,0,2.75117e-11,8,1.76462e-11,1,0,0,0,0,6.08928e-12,1,0,0,1.53223e-11,11,0,0,0,0,0,0,0,0,0,0,0,0,0,0
93,0,0,4.67928e-08,0,1,1.77414e-15,326,6.39605e-10,1624,9.12744e-15,359,1.35322e-09,116,4.46095e-08,7493,5.05645e-15,1,0,0,1.49706e-10,13,0,0,0,0,0,0,0,0,0,0,0,0,0,0,5.89384e-12,7,0,0,0,0,0,0,0,0,0,0,3.49008e-11,19,0,0,0,0,0,0,0,0,0,0,0,0,0,0
94,0,0,4.64518e-08,0,1,1.25995e-15,321,5.89533e-10,1542,4.60873e-14,352,1.26281e-09,116,4.44126e-08,7374,0,0,0,0,1.50013e-10,10,0,0,0,0,0,0,0,0,0,0,0,0,0,0,1.73e-11,11,0,0,0,0,0,0,0,0,0,0,1.95396e-11,13,0,0,0,0,0,0,0,0,0,0,0,0,0,0
95,0,0,4.63931e-08,0,1,8.69111e-16,320,5.57787e-10,1463,3.17634e-14,350,1.29741e-09,106,4.4201e-08,7246,0,0,0,0,2.83404e-10,11,3.38474e-12,1,0,0,0,0,0,0,0,0,0,0,0,0,1.55302e-11,6,0,0,0,0,0,0,3.17068e-12,2,0,0,3.13427e-11,17,0,0,0,0,0,0,0,0,0,0,0,0,0,0
96,0,0,4.64853e-08,0,1,1.18081e-15,319,5.22279e-10,1376,1.89343e-14,347,1.29977e-09,103,4.44246e-08,7149,0,0,0,0,2.07263e-10,8,0,0,0,0,0,0,0,0,0,0,0,0,0,0,1.45887e-11,5,0,0,0,0,0,0,0,0,0,0,1.67092e-11,11,0,0,0,0,0,0,0,0,0,0,0,0,0,0
97,0,0,4.64778e-08,0,1,2.2453e-15,327,5.11161e-10,1327,7.45033e-14,342,1.39795e-09,106,4.43898e-08,7030,4.78023e-15,1,0,0,1.14573e-10,13,4.11454e-12,1,0,0,0,0,0,0,0,0,0,0,0,0,2.41308e-11,5,0,0,0,0,0,0,0,0,0,0,3.60356e-11,11,0,0,0,0,0,0,0,0,0,0,0,0,0,0
98,0,0,4.61132e-08,0,1,7.06685e-16,312,4.77305e-10,1248,5.57605e-14,338,1.27877e-09,100,4.41978e-08,6908,0,0,0,0,1.07233e-10,12,3.43863e-12,1,0,0,0,0,0,0,0,0,0,0,0,0,1.34354e-11,8,0,0,0,0,0,0,5.34267e-12,4,0,0,2.98168e-11,16,0,0,0,0,0,0,0,0,0,0,0,0,0,0
99,0,0,4.66914e-08,0,0,6.49296e-16,314,4.44462e-10,1169,4.60533e-14,337,1.37096e-09,95,4.47655e-08,6792,0,0,0,0,6.43765e-11,6,0,0,0,0,0,0,0,0,0,0,0,0,0,0,2.35702e-11,4,0,0,0,0,0,0,0,0,0,0,2.24197e-11,13,0,0,0,0,0,0,0,0,0,0,0,0,0,0
100,0,0,4.61428e-08,0,0,8.12209e-16,318,4.26956e-10,1102,1.27496e-13,334,1.12839e-09,88,4.43614e-08,6663,0,0,0,0,1.77348e-10,12,0,0,0,0,0,0,0,0,0,0,0,0,0,0,2.14859e-11,6,0,0,0,0,0,0,0,0,0,0,2.70283e-11,11,0,0,0,0,0,0,0,0,0,0,0,0,0,0
101,0,0,4.61453e-08,0,0,2.41157e-15,338,3.50919e-10,975,5.54976e-14,329,9.408e-10,73,4.46472e-08,6541,3.80203e-15,1,0,0,1.55038e-10,6,3.41253e-12,1,0,0,0,0,0,0,0,0,0,0,0,0,1.47129e-11,11,0,0,0,0,0,0,0,0,0,0,3.30975e-11,12,0,0,0,0,0,0,0,0,0,0,0,0,0,0
102,0,0,4.57929e-08,0,0,1.7174e-15,321,3.6078e-10,973,7.64118e-15,323,8.93771e-10,74,4.44624e-08,6416,1.14901e-15,1,0,0,5.1451e-11,5,0,0,0,0,0,0,0,0,0,0,0,0,0,0,1.42997e-11,7,0,0,0,0,0,0,0,0,0,0,9.62463e-12,8,0,0,0,0,0,0,5.55715e-13,1,0,0,0,0,0,0
103,0,0,4.558e-08,0,0,1.49316e-16,308,2.8489e-10,777,2.85617e-14,322,9.5776e-10,74,4.41004e-08,6282,0,0,0,0,1.88114e-10,14,3.40715e-12,1,0,0,0,0,0,0,0,0,0,0,0,0,1.19189e-11,7,0,0,0,0,0,0,3.62891e-12,2,0,0,2.9869e-11,18,0,0,0,0,0,0,0,0,0,0,0,0,0,0
104,0,0,4.55498e-08,0,0,1.74118e-15,326,2.63975e-10,747,3.5746e-14,317,1.13297e-09,77,4.39714e-08,6131,6.9119e-15,2,0,0,1.28694e-10,9,0,0,0,0,0,0,0,0,0,0,0,0,0,0,1.23616e-11,8,0,0,0,0,0,0,4.56893e-12,2,0,0,3.56206e-11,16,0,0,0,0,1.31371e-13,1,0,0,0,0,0,0,0,0
105,0,0,4.57009e-08,0,0,7.91591e-16,308,2.45025e-10,669,1.47776e-13,315,1.00111e-09,73,4.437e-08,6005,0,0,0,0,5.93751e-11,7,3.42245e-12,1,0,0,0,0,0,0,0,0,0,0,0,0,5.92352e-12,3,0,0,0,0,0,0,0,0,0,0,1.59205e-11,12,0,0,0,0,0,0,0,0,0,0,0,0,0,0
106,0,0,4.6403e-08,1.15507e-12,2,5.73076e-16,312,2.10317e-10,577,8.21491e-14,308,1.20327e-09,74,4.47348e-08,5886,0,0,0,0,1.74077e-10,10,3.43689e-12,1,0,0,0,0,0,0,0,0,0,0,0,0,4.29956e-11,9,6.84011e-12,2,0,0,1.04088e-12,1,2.48549e-12,2,0,0,2.24456e-11,13,0,0,0,0,0,0,0,0,0,0,0,0,0,0
107,0,0,4.51351e-08,1.10508e-12,1,6.15082e-16,313,1.62321e-10,459,1.36362e-13,305,7.09177e-10,62,4.40344e-08,5723,0,0,0,0,1.53261e-10,7,0,0,0,0,0,0,0,0,0,0,0,0,0,0,2.99293e-11,9,0,0,0,0,0,0,2.80851e-12,1,0,0,4.19809e-11,12,0,0,0,0,0,0,0,0,0,0,0,0,0,0
108,0,0,4.52704e-08,7.17023e-13,3,1.55786e-15,326,1.41495e-10,361,8.38415e-14,300,6.80827e-10,52,4.42447e-08,5575,3.60098e-11,2,0,0,6.89558e-11,5,3.38857e-12,1,0,0,0,0,0,0,0,0,2.97395e-11,1,3.15062e-11,1,1.35261e-11,9,0,0,0,0,0,0,1.86792e-12,1,0,0,1.75415e-11,12,0,0,0,0,0,0,0,0,0,0,0,0,0,0
109,0,0,4.54503e-08,1.56473e-12,3,8.26698e-16,304,1.03991e-10,252,4.59082e-14,289,9.0961e-10,62,4.42485e-08,5428,0,0,0,0,1.10518e-10,9,3.465e-12,1,0,0,0,0,0,0,0,0,0,0,0,0,2.94746e-11,9,0,0,0,0,0,0,0,0,0,0,4.31274e-11,15,0,0,0,0,0,0,0,0,0,0,0,0,0,0
110,0,0,4.52986e-08,3.88177e-12,4,6.84606e-16,304,7.38499e-11,187,5.05072e-14,285,9.12378e-10,60,4.40171e-08,5269,0,0,0,0,2.15886e-10,18,1.02494e-11,3,0,0,0,0,0,0,0,0,0,0,0,0,2.99099e-11,9,0,0,0,0,0,0,3.38557e-12,1,0,0,3.18938e-11,12,0,0,0,0,0,0,0,0,0,0,0,0,0,0
111,0,0,4.47259e-08,3.64911e-12,5,1.37108e-15,294,4.73996e-11,108,3.54576e-14,283,5.82342e-10,49,4.39513e-08,5103,0,0,0,0,1.01973e-10,6,0,0,0,0,0,0,0,0,0,0,0,0,0,0,2.84004e-11,8,0,0,0,0,0,0,0,0,0,0,1.08496e-11,9,0,0,0,0,0,0,0,0,0,0,0,0,0,0
112,0,0,4.50375e-08,8.8279e-12,5,3.47092e-16,289,3.38613e-11,67,8.26231e-14,278,7.9225e-10,49,4.3975e-08,4943,0,0,0,0,1.49188e-10,9,0,0,7.18145e-15,1,0,0,0,0,0,0,0,0,0,0,5.50535e-11,5,0,0,0,0,0,0,0,0,0,0,2.32366e-11,10,0,0,0,0,0,0,0,0,0,0,0,0,0,0
113,0,0,4.4651e-08,2.54847e-12,5,9.32466e-16,288,2.49675e-11,51,7.40428e-14,274,8.25339e-10,49,4.36946e-08,4768,0,0,0,0,8.69498e-11,5,0,0,0,0,0,0,0,0,0,0,0,0,0,0,6.20741e-12,6,0,0,0,0,0,0,2.69413e-13,1,0,0,1.00861e-11,8,0,0,0,0,0,0,0,0,0,0,0,0,0,0
114,0,0,4.4368e-08,2.67562e-12,4,1.2412e-15,302,2.1381e-11,41,4.40333e-14,271,7.50462e-10,48,4.33853e-08,4581,1.91256e-15,1,0,0,1.79067e-10,16,0,0,0,0,0,0,0,0,0,0,0,0,0,0,9.42913e-12,7,0,0,0,0,0,0,0,0,0,0,1.95768e-11,11,0,0,0,0,0,0,0,0,0,0,0,0,0,0
115,0,0,4.45881e-08,2.32686e-12,4,8.22518e-16,292,3.77052e-11,34,3.16381e-15,270,7.08763e-10,44,4.37011e-08,4405,0,0,0,0,7.54006e-11,7,3.41185e-12,1,0,0,0,0,0,0,0,0,0,0,0,0,9.55193e-12,4,0,0,0,0,0,0,0,0,0,0,4.98437e-11,11,0,0,0,0,0,0,0,0,0,0,0,0,0,0
116,0,0,4.45671e-08,2.77368e-12,4,6.18532e-16,292,3.16553e-11,27,6.30999e-14,270,7.74842e-10,49,4.36412e-08,4219,0,0,0,0,8.87943e-11,8,0,0,0,0,0,0,0,0,0,0,0,0,0,0,1.23316e-11,5,0,0,0,0,0,0,0,0,0,0,1.54921e-11,10,0,0,0,0,0,0,0,0,0,0,0,0,0,0
117,0,0,4.3968e-08,4.84507e-12,4,2.30768e-15,309,1.86624e-11,43,4.8939e-14,263,6.29585e-10,38,4.30711e-08,3982,2.35038e-15,1,0,0,1.57714e-10,8,0,0,0,0,0,0,0,0,0,0,3.30264e-11,1,0,0,3.02018e-11,10,0,0,0,0,0,0,0,0,0,0,2.284e-11,14,0,0,0,0,0,0,0,0,0,0,0,0,0,0
118,0,0,4.32402e-08,5.8509e-12,4,4.44174e-16,287,2.15418e-11,19,5.14968e-16,260,5.28287e-10,35,4.25344e-08,3761,0,0,0,0,1.03604e-10,10,0,0,0,0,0,0,0,0,0,0,0,0,0,0,3.56273e-11,11,0,0,0,0,0,0,0,0,0,0,1.08821e-11,11,0,0,0,0,0,0,0,0,0,0,0,0,0,0
119,0,0,4.33083e-08,1.76811e-12,3,1.95061e-15,299,1.55458e-11,43,1.08126e-16,255,5.27876e-10,31,4.25554e-08,3535,2.95552e-15,1,0,0,1.62404e-10,16,0,0,0,0,0,0,0,0,0,0,0,0,0,0,2.10877e-11,6,2.42289e-12,1,0,0,0,0,9.32035e-13,1,0,0,2.07905e-11,9,0,0,0,0,0,0,0,0,0,0,0,0,0,0
120,0,0,4.31953e-08,2.6817e-12,3,7.87979e-16,284,1.33027e-11,25,3.44089e-14,247,5.28484e-10,27,4.25395e-08,3278,0,0,0,0,3.03058e-11,2,0,0,0,0,0,0,0,0,0,0,0,0,0,0,4.4455e-11,5,0,0,0,0,0,0,4.91557e-13,1,0,0,3.60656e-11,16,0,0,0,0,0,0,0,0,0,0,0,0,0,0
121,0,0,4.32199e-08,1.59707e-12,3,4.11949e-16,282,1.56042e-11,20,1.41064e-14,244,4.78746e-10,29,4.26111e-08,3020,0,0,0,0,3.88032e-11,7,0,0,0,0,0,0,0,0,0,0,0,0,0,0,3.40895e-11,5,0,0,0,0,0,0,1.30853e-11,2,8.29363e-12,1,1.85516e-11,7,0,0,0,0,0,0,0,0,0,0,0,0,0,0
122,0,0,4.1746e-08,1.47509e-12,2,6.82942e-16,274,2.31767e-11,20,1.13043e-14,241,4.24142e-10,23,4.12329e-08,2694,0,0,0,0,3.7414e-11,3,3.41139e-12,1,0,0,0,0,0,0,0,0,0,0,0,0,4.2027e-13,2,0,0,0,0,0,0,2.45742e-13,1,0,0,2.24614e-11,10,0,0,0,0,3.56144e-13,1,0,0,0,0,0,0,0,0
123,0,0,3.99059e-08,2.38955e-12,2,4.81067e-16,272,1.3575e-11,22,7.41018e-15,239,2.02842e-10,13,3.96507e-08,2337,3.15471e-15,1,0,0,1.99779e-11,1,0,0,0,0,0,0,0,0,0,0,0,0,0,0,1.70583e-12,1,0,0,0,0,0,0,1.865e-12,2,0,0,1.27984e-11,7,0,0,0,0,0,0,0,0,0,0,0,0,0,0
124,0,0,3.57491e-08,1.48878e-12,2,6.94266e-16,260,7.68088e-12,17,8.38077e-15,236,8.48491e-11,7,3.56429e-08,1890,0,0,0,0,3.04192e-12,2,0,0,0,0,0,0,0,0,0,0,0,0,0,0,4.5561e-12,3,0,0,0,0,0,0,0,0,0,0,3.38958e-12,4,0,0,1.13983e-12,1,0,0,0,0,0,0,0,0,0,0
125,0,0,2.78487e-08,1.46852e-12,2,4.17915e-16,255,1.90638e-11,15,9.26488e-16,235,1.21983e-10,8,2.77001e-08,1376,0,0,0,0,0,0,0,0,0,0,0,0,0,0,0,0,0,0,0,0,0,0,0,0,0,0,0,0,0,0,0,0,6.12106e-12,5,0,0,0,0,0,0,0,0,0,0,0,0,0,0
126,0,0,1.8671e-08,1.56088e-12,2,6.1772e-16,256,5.33315e-12,13,6.8786e-15,233,1.17295e-10,10,1.85262e-08,857,3.61408e-15,1,0,0,7.26296e-12,3,0,0,5.95827e-16,1,0,0,0,0,0,0,0,0,0,0,0,0,0,0,0,0,0,0,0,0,0,0,1.32746e-11,2,0,0,0,0,0,0,0,0,0,0,0,0,0,0
127,0,0,8.51255e-09,0,1,6.7722e-16,248,6.11439e-12,14,9.03897e-16,230,9.42188e-12,2,8.49372e-09,399,0,0,0,0,9.76784e-13,1,0,0,0,0,2.32021e-12,1,0,0,0,0,0,0,0,0,0,0,0,0,0,0,0,0,0,0,0,0,0,0,0,0,0,0,0,0,0,0,0,0,0,0,0,0
128,0,0,3.1245e-09,0,1,3.23593e-16,243,8.40032e-12,11,8.49031e-15,225,1.20614e-13,1,3.11362e-09,140,0,0,0,0,0,0,0,0,0,0,0,0,0,0,0,0,0,0,0,0,1.72396e-13,1,0,0,0,0,0,0,0,0,0,0,2.1754e-12,2,0,0,0,0,0,0,0,0,0,0,0,0,0,0
129,0,0,6.50337e-10,0,1,1.22868e-15,250,8.66199e-12,22,3.97076e-14,224,1.20804e-11,5,6.23289e-10,37,5.1864e-15,1,0,0,0,0,0,0,0,0,0,0,0,0,0,0,0,0,0,0,3.10049e-13,1,0,0,0,0,0,0,0,0,0,0,5.94974e-12,4,0,0,0,0,0,0,0,0,0,0,0,0,0,0
130,0,0,1.62394e-10,0,1,9.1891e-16,239,8.24791e-12,18,3.68965e-14,221,2.00128e-11,5,1.34095e-10,8,0,0,0,0,0,0,0,0,0,0,0,0,0,0,0,0,0,0,0,0,0,0,0,0,0,0,0,0,0,0,0,0,0,0,0,0,0,0,0,0,0,0,0,0,0,0,0,0
131,0,0,1.12463e-10,0,1,2.35968e-16,241,1.20995e-11,14,5.70446e-14,219,6.07078e-11,5,2.32806e-11,1,4.13224e-12,1,0,0,0,0,0,0,0,0,0,0,0,0,0,0,1.13493e-11,1,0,0,8.35856e-13,1,0,0,0,0,0,0,0,0,0,0,0,0,0,0,0,0,0,0,0,0,0,0,0,0,0,0
132,0,0,1.01038e-10,0,1,5.15119e-16,239,1.69823e-11,21,1.96955e-15,218,3.89863e-11,3,0,0,4.02394e-11,1,0,0,0,0,0,0,0,0,0,0,0,0,0,0,0,0,0,0,3.07627e-12,2,0,0,0,0,0,0,0,0,0,0,1.75099e-12,2,0,0,0,0,0,0,0,0,0,0,0,0,0,0
133,0,0,6.01604e-11,0,1,5.62645e-16,235,1.61431e-11,18,3.40513e-14,215,7.87981e-13,2,0,0,3.6655e-11,1,0,0,0,0,0,0,0,0,0,0,0,0,0,0,0,0,0,0,0,0,0,0,0,0,0,0,0,0,0,0,6.53967e-12,2,0,0,0,0,0,0,0,0,0,0,0,0,0,0
134,0,0,1.65301e-11,0,1,7.24665e-16,231,5.42081e-12,15,5.30351e-14,213,1.10556e-11,2,0,0,0,0,0,0,0,0,0,0,0,0,0,0,0,0,0,0,0,0,0,0,0,0,0,0,0,0,0,0,0,0,0,0,0,0,0,0,0,0,0,0,0,0,0,0,0,0,0,0
135,0,0,5.32108e-11,0,1,1.12829e-16,228,4.05877e-12,6,5.76375e-15,211,2.74916e-11,5,0,0,0,0,0,0,1.03498e-11,1,0,0,0,0,0,0,0,0,0,0,0,0,0,0,6.93015e-12,2,0,0,0,0,0,0,0,0,0,0,4.37458e-12,1,0,0,0,0,0,0,0,0,0,0,0,0,0,0
136,0,0,3.16371e-11,6.42327e-13,2,3.97947e-16,226,7.4809e-12,13,3.72793e-14,208,2.0557e-11,6,0,0,0,0,0,0,0,0,0,0,0,0,0,0,0,0,0,0,0,0,0,0,2.91921e-12,1,0,0,0,0,0,0,0,0,0,0,3.6042e-17,1,0,0,0,0,0,0,0,0,0,0,0,0,0,0
137,0,0,3.85078e-11,2.96589e-12,2,1.24031e-15,236,6.58295e-12,24,5.09476e-14,206,2.16227e-11,5,0,0,3.90545e-15,1,0,0,0,0,0,0,0,0,0,0,0,0,0,0,0,0,0,0,7.16931e-12,4,0,0,0,0,0,0,0,0,0,0,1.10772e-13,2,0,0,0,0,0,0,0,0,0,0,0,0,0,0
138,0,0,3.94943e-11,0,1,2.1438e-15,236,8.63904e-12,33,5.59762e-14,203,2.38472e-11,5,0,0,4.68668e-15,1,0,0,0,0,0,0,0,0,0,0,0,0,0,0,0,0,0,0,2.28317e-13,1,0,0,0,0,0,0,6.71692e-12,1,0,0,0,0,0,0,0,0,0,0,0,0,0,0,0,0,0,0
139,0,0,7.39431e-11,0,0,4.20797e-16,224,6.23667e-12,14,3.04422e-14,202,4.3072e-11,4,0,0,0,0,0,0,1.19487e-11,1,0,0,0,0,0,0,0,0,0,0,0,0,0,0,6.89177e-14,1,1.25859e-11,1,0,0,0,0,0,0,0,0,0,0,0,0,0,0,0,0,0,0,0,0,0,0,0,0
140,0,0,3.84194e-11,0,0,2.18365e-15,247,6.15171e-12,37,3.53138e-16,197,2.23524e-11,8,0,0,8.77316e-15,2,0,0,0,0,0,0,0,0,0,0,0,0,0,0,0,0,0,0,0,0,0,0,0,0,0,0,9.90393e-12,1,0,0,0,0,0,0,0,0,0,0,0,0,0,0,0,0,0,0
141,0,0,5.58444e-11,0,0,7.86518e-16,220,9.55527e-12,17,6.75982e-15,194,4.32122e-11,7,0,0,0,0,0,0,0,0,0,0,0,0,0,0,0,0,0,0,0,0,0,0,2.46406e-12,2,0,0,0,0,0,0,0,0,0,0,6.05343e-13,1,0,0,0,0,0,0,0,0,0,0,0,0,0,0
142,0,0,8.38899e-11,0,0,1.68432e-16,216,9.64553e-12,10,7.31059e-15,193,7.2156e-11,7,0,0,0,0,0,0,0,0,0,0,0,0,0,0,0,0,0,0,0,0,0,0,4.15235e-14,1,0,0,0,0,0,0,0,0,0,0,2.03944e-12,2,0,0,0,0,0,0,0,0,0,0,0,0,0,0
143,0,0,6.32046e-11,0,0,2.33127e-16,212,1.82712e-11,15,9.96978e-15,191,3.45669e-11,5,0,0,0,0,0,0,0,0,0,0,0,0,0,0,0,0,0,0,0,0,0,0,1.18448e-12,1,0,0,0,0,0,0,0,0,0,0,9.17187e-12,2,0,0,0,0,0,0,0,0,0,0,0,0,0,0
144,0,0,4.05644e-11,0,0,7.9707e-16,212,7.16947e-12,16,2.97317e-14,191,3.2792e-11,4,0,0,0,0,0,0,0,0,0,0,0,0,0,0,0,0,0,0,0,0,0,0,0,0,0,0,0,0,0,0,0,0,0,0,5.72424e-13,3,0,0,0,0,0,0,0,0,0,0,0,0,0,0
145,0,0,2.60945e-11,0,0,1.02253e-15,218,4.79098e-12,19,4.34851e-15,189,2.10332e-11,8,0,0,1.87867e-15,1,0,0,0,0,0,0,0,0,0,0,0,0,0,0,0,0,0,0,0,0,0,0,1.7052e-13,1,0,0,0,0,0,0,9.24904e-14,1,0,0,0,0,0,0,0,0,0,0,0,0,0,0
146,0,0,1.4566e-11,0,0,1.07715e-16,206,5.57796e-12,7,8.14814e-14,183,8.90644e-12,3,0,0,0,0,0,0,0,0,0,0,0,0,0,0,0,0,0,0,0,0,0,0,0,0,0,0,0,0,0,0,0,0,0,0,0,0,0,0,0,0,0,0,0,0,0,0,0,0,0,0
147,0,0,2.86244e-11,0,0,1.01818e-15,213,6.75671e-12,23,2.20791e-17,181,1.4454e-11,5,0,0,4.11665e-15,1,0,0,7.4086e-12,1,0,0,0,0,0,0,0,0,0,0,0,0,0,0,0,0,0,0,0,0,0,0,0,0,0,0,0,0,0,0,0,0,0,0,0,0,0,0,0,0,0,0
148,0,0,1.76552e-11,0,0,1.12829e-16,199,1.03404e-11,8,2.63719e-15,178,7.31204e-12,2,0,0,0,0,0,0,0,0,0,0,0,0,0,0,0,0,0,0,0,0,0,0,0,0,0,0,0,0,0,0,0,0,0,0,0,0,0,0,0,0,0,0,0,0,0,0,0,0,0,0
149,0,0,1.83757e-11,0,0,3.82727e-16,199,8.84313e-12,10,6.12361e-15,176,9.52602e-12,3,0,0,0,0,0,0,0,0,0,0,0,0,0,0,0,0,0,0,0,0,0,0,0,0,0,0,0,0,0,0,0,0,0,0,0,0,0,0,0,0,0,0,0,0,0,0,0,0,0,0
150,0,0,3.87261e-11,0,0,8.52836e-16,207,5.47153e-12,20,2.66132e-15,173,3.17559e-11,6,0,0,2.34598e-15,1,0,0,0,0,0,0,0,0,0,0,0,0,0,0,0,0,0,0,0,0,0,0,0,0,0,0,0,0,0,0,1.49284e-12,1,0,0,0,0,0,0,0,0,0,0,0,0,0,0
151,0,0,4.41697e-11,0,0,1.30712e-15,201,3.6996e-12,16,1.03658e-14,171,4.02975e-11,4,0,0,2.24121e-15,1,0,0,0,0,0,0,0,0,0,0,0,0,0,0,0,0,0,0,0,0,0,0,0,0,0,0,0,0,0,0,1.58747e-13,1,0,0,0,0,0,0,0,0,0,0,0,0,0,0
152,0,0,1.30479e-11,0,0,2.3061e-16,194,4.04727e-12,7,9.91932e-15,170,8.77492e-12,2,0,0,0,0,0,0,0,0,0,0,0,0,0,0,0,0,0,0,0,0,0,0,0,0,0,0,0,0,0,0,0,0,0,0,2.15575e-13,1,0,0,0,0,0,0,0,0,0,0,0,0,0,0
153,0,0,1.94568e-11,0,0,2.0013e-16,190,5.13636e-12,9,2.22925e-14,169,1.42018e-11,4,0,0,0,0,0,0,0,0,0,0,0,0,0,0,0,0,0,0,0,0,0,0,9.61789e-14,1,0,0,0,0,0,0,0,0,0,0,0,0,0,0,0,0,0,0,0,0,0,0,0,0,0,0
154,0,0,2.01013e-11,0,0,4.62763e-16,190,4.29695e-12,10,6.14196e-14,169,1.49345e-11,2,0,0,0,0,0,0,0,0,0,0,0,0,0,0,0,0,0,0,0,0,0,0,8.08003e-13,1,0,0,0,0,0,0,0,0,0,0,0,0,0,0,0,0,0,0,0,0,0,0,0,0,0,0
155,0,0,2.8136e-11,0,0,4.5221e-16,191,5.15841e-12,10,9.15519e-18,168,1.62646e-11,3,0,0,0,0,0,0,5.65031e-12,1,0,0,0,0,0,0,0,0,0,0,0,0,0,0,0,0,0,0,0,0,0,0,0,0,0,0,1.06226e-12,1,0,0,0,0,0,0,0,0,0,0,0,0,0,0
156,0,0,1.11427e-10,6.52917e-14,1,1.50197e-15,201,1.06412e-11,24,3.27305e-14,166,9.24593e-11,7,0,0,4.97918e-15,1,0,0,0,0,0,0,0,0,0,0,0,0,0,0,0,0,0,0,3.09234e-12,1,0,0,0,0,0,0,0,0,0,0,5.12949e-12,2,0,0,0,0,0,0,0,0,0,0,0,0,0,0
157,0,0,3.52883e-11,7.04453e-13,1,9.80618e-16,192,8.6867e-12,15,2.57538e-16,164,2.23715e-11,2,0,0,4.99211e-15,1,0,0,0,0,0,0,0,0,0,0,0,0,0,0,0,0,0,0,0,0,0,0,0,0,0,0,0,0,0,0,3.51935e-12,4,0,0,0,0,0,0,0,0,0,0,0,0,0,0
158,0,0,5.28932e-11,6.72173e-13,1,1.89212e-16,184,7.73038e-12,6,1.91131e-15,162,4.44886e-11,6,0,0,0,0,0,0,0,0,0,0,0,0,0,0,0,0,0,0,0,0,0,0,0,0,0,0,0,0,0,0,0,0,0,0,0,0,0,0,0,0,0,0,0,0,0,0,0,0,0,0
159,0,0,4.89702e-11,6.64252e-13,1,5.75917e-17,179,3.41453e-12,5,1.0933e-14,162,4.47612e-11,3,0,0,0,0,0,0,0,0,0,0,0,0,0,0,0,0,0,0,0,0,0,0,1.19235e-13,1,0,0,0,0,0,0,0,0,0,0,0,0,0,0,0,0,0,0,0,0,0,0,0,0,0,0
160,0,0,3.19259e-11,1.18471e-12,1,3.42547e-16,178,3.65452e-12,7,1.77482e-14,161,2.16636e-11,4,0,0,0,0,0,0,0,0,0,0,0,0,0,0,0,0,0,0,0,0,0,0,5.40491e-12,1,0,0,0,0,0,0,0,0,0,0,0,0,0,0,0,0,0,0,0,0,0,0,0,0,0,0
161,0,0,8.94833e-12,1.03988e-12,1,5.38577e-16,176,7.00101e-12,9,2.70904e-14,159,0,0,0,0,0,0,0,0,0,0,0,0,0,0,0,0,0,0,0,0,0,0,0,0,0,0,0,0,0,0,0,0,0,0,0,0,8.79803e-13,2,0,0,0,0,0,0,0,0,0,0,0,0,0,0
162,0,0,8.7926e-12,1.22961e-12,1,2.67949e-16,174,3.95332e-12,6,9.69702e-15,158,3.59971e-12,4,0,0,0,0,0,0,0,0,0,0,0,0,0,0,0,0,0,0,0,0,0,0,0,0,0,0,0,0,0,0,0,0,0,0,0,0,0,0,0,0,0,0,0,0,0,0,0,0,0,0
163,0,0,1.25126e-11,2.0292e-12,1,2.94168e-16,171,1.22915e-12,5,5.42955e-14,156,9.13539e-12,2,0,0,0,0,0,0,0,0,0,0,0,0,0,0,0,0,0,0,0,0,0,0,0,0,0,0,0,0,0,0,0,0,0,0,6.42831e-14,1,0,0,0,0,0,0,0,0,0,0,0,0,0,0
164,0,0,9.87714e-11,4.74572e-12,1,3.99732e-16,167,1.40414e-12,7,2.22187e-14,154,9.25989e-11,4,0,0,0,0,0,0,0,0,0,0,0,0,0,0,0,0,0,0,0,0,0,0,0,0,0,0,0,0,0,0,0,0,0,0,0,0,0,0,0,0,0,0,0,0,0,0,0,0,0,0
165,0,0,4.27027e-11,0,0,1.15021e-16,164,1.25521e-12,4,2.56197e-16,153,4.12225e-11,4,0,0,0,0,0,0,0,0,0,0,0,0,0,0,0,0,0,0,0,0,0,0,0,0,0,0,0,0,0,0,0,0,0,0,2.24606e-13,1,0,0,0,0,0,0,0,0,0,0,0,0,0,0
166,0,0,2.8e-11,0,0,5.52377e-17,162,1.58745e-12,3,2.33622e-14,151,1.18769e-11,4,0,0,0,0,0,0,0,0,0,0,0,0,0,0,0,0,0,0,0,0,0,0,8.28004e-12,1,0,0,0,0,0,0,0,0,0,0,6.23221e-12,1,0,0,0,0,0,0,0,0,0,0,0,0,0,0
167,0,0,4.33498e-11,0,0,0,159,1.86944e-12,3,1.0058e-14,145,8.63384e-12,2,0,0,0,0,0,0,1.14348e-11,1,0,0,0,0,0,0,0,0,0,0,0,0,0,0,2.11704e-11,1,0,0,0,0,0,0,0,0,0,0,2.31193e-13,1,0,0,0,0,0,0,0,0,0,0,0,0,0,0
168,0,0,2.66208e-11,0,0,7.24259e-16,161,3.53705e-12,10,1.59639e-14,140,1.64993e-11,1,0,0,0,0,0,0,0,0,0,0,0,0,0,0,0,0,0,0,0,0,0,0,0,0,0,0,0,0,0,0,0,0,0,0,6.56774e-12,3,0,0,0,0,0,0,0,0,0,0,0,0,0,0
169,0,0,3.51818e-11,0,0,1.70421e-16,157,3.09342e-12,8,3.78512e-14,136,3.20504e-11,2,0,0,0,0,0,0,0,0,0,0,0,0,0,0,0,0,0,0,0,0,0,0,0,0,0,0,0,0,0,0,0,0,0,0,0,0,0,0,0,0,0,0,0,0,0,0,0,0,0,0
170,0,0,1.88769e-11,0,0,2.33127e-16,153,3.49168e-12,8,1.80915e-16,136,1.50944e-11,2,0,0,0,0,0,0,0,0,0,0,0,0,0,0,0,0,0,0,0,0,0,0,0,0,0,0,0,0,0,0,0,0,0,0,2.90404e-13,1,0,0,0,0,0,0,0,0,0,0,0,0,0,0
171,0,0,1.39924e-11,0,0,1.53091e-16,148,4.04025e-12,7,1.7814e-14,135,1.11045e-12,1,0,0,0,0,0,0,0,0,0,0,0,0,0,0,0,0,0,0,0,0,0,0,8.68613e-12,1,0,0,0,0,0,0,0,0,0,0,1.37583e-13,1,0,0,0,0,0,0,0,0,0,0,0,0,0,0
172,0,0,1.68682e-11,0,0,2.88892e-16,144,7.44583e-12,9,1.13253e-14,132,9.41079e-12,1,0,0,0,0,0,0,0,0,0,0,0,0,0,0,0,0,0,0,0,0,0,0,0,0,0,0,0,0,0,0,0,0,0,0,0,0,0,0,0,0,0,0,0,0,0,0,0,0,0,0
173,0,0,4.45492e-12,0,0,1.73871e-16,143,2.93672e-12,4,8.19958e-18,131,0,0,0,0,0,0,0,0,0,0,0,0,0,0,0,0,0,0,0,0,0,0,0,0,1.51802e-12,1,0,0,0,0,0,0,0,0,0,0,0,0,0,0,0,0,0,0,0,0,0,0,0,0,0,0
174,0,0,3.6858e-12,0,0,1.73871e-16,136,3.66304e-12,5,2.25867e-14,128,0,0,0,0,0,0,0,0,0,0,0,0,0,0,0,0,0,0,0,0,0,0,0,0,0,0,0,0,0,0,0,0,0,0,0,0,0,0,0,0,0,0,0,0,0,0,0,0,0,0,0,0
175,0,0,3.12873e-11,0,0,3.64869e-17,134,5.84851e-12,4,0,126,2.05206e-11,3,0,0,0,0,0,0,0,0,0,0,0,0,0,0,0,0,0,0,0,0,0,0,0,0,0,0,0,0,0,0,0,0,0,0,4.91815e-12,1,0,0,0,0,0,0,0,0,0,0,0,0,0,0
176,0,0,1.21448e-10,0,0,1.12829e-16,132,6.39005e-12,5,3.90799e-14,125,5.77711e-12,1,0,0,0,0,0,0,1.09242e-10,3,0,0,0,0,0,0,0,0,0,0,0,0,0,0,0,0,0,0,0,0,0,0,0,0,0,0,0,0,0,0,0,0,0,0,0,0,0,0,0,0,0,0
177,0,0,8.34901e-12,0,0,7.29738e-17,131,6.42898e-12,6,3.98583e-15,122,0,0,0,0,0,0,0,0,0,0,0,0,0,0,0,0,0,0,0,0,0,0,0,0,1.91597e-12,2,0,0,0,0,0,0,0,0,0,0,0,0,0,0,0,0,0,0,0,0,0,0,0,0,0,0
178,0,0,7.71973e-13,0,0,2.12712e-16,127,7.69314e-13,4,2.44632e-15,121,0,0,0,0,0,0,0,0,0,0,0,0,0,0,0,0,0,0,0,0,0,0,0,0,0,0,0,0,0,0,0,0,0,0,0,0,0,0,0,0,0,0,0,0,0,0,0,0,0,0,0,0
179,0,0,9.23377e-12,0,0,1.09461e-16,126,1.75614e-12,4,0,120,7.47751e-12,1,0,0,0,0,0,0,0,0,0,0,0,0,0,0,0,0,0,0,0,0,0,0,0,0,0,0,0,0,0,0,0,0,0,0,0,0,0,0,0,0,0,0,0,0,0,0,0,0,0,0
180,0,0,2.46137e-12,0,0,7.12692e-17,126,2.45252e-12,4,8.7821e-15,120,0,0,0,0,0,0,0,0,0,0,0,0,0,0,0,0,0,0,0,0,0,0,0,0,0,0,0,0,0,0,0,0,0,0,0,0,0,0,0,0,0,0,0,0,0,0,0,0,0,0,0,0
181,0,0,4.89379e-12,0,0,2.33654e-16,125,3.91032e-12,7,4.17202e-14,120,6.50135e-13,1,0,0,0,0,0,0,0,0,0,0,0,0,0,0,0,0,0,0,0,0,0,0,0,0,0,0,0,0,0,0,0,0,0,0,2.91381e-13,1,0,0,0,0,0,0,0,0,0,0,0,0,0,0
182,0,0,4.17582e-12,0,0,1.12829e-16,122,4.17527e-12,6,4.3486e-16,120,0,0,0,0,0,0,0,0,0,0,0,0,0,0,0,0,0,0,0,0,0,0,0,0,0,0,0,0,0,0,0,0,0,0,0,0,0,0,0,0,0,0,0,0,0,0,0,0,0,0,0,0
183,0,0,3.35101e-12,0,0,2.33816e-16,119,3.27613e-12,6,7.46413e-14,116,0,0,0,0,0,0,0,0,0,0,0,0,0,0,0,0,0,0,0,0,0,0,0,0,0,0,0,0,0,0,0,0,0,0,0,0,0,0,0,0,0,0,0,0,0,0,0,0,0,0,0,0
184,0,0,6.11124e-12,0,0,5.75917e-17,120,6.11118e-12,5,0,113,0,0,0,0,0,0,0,0,0,0,0,0,0,0,0,0,0,0,0,0,0,0,0,0,0,0,0,0,0,0,0,0,0,0,0,0,0,0,0,0,0,0,0,0,0,0,0,0,0,0,0,0
185,0,0,4.70574e-12,0,0,1.86453e-16,120,4.51898e-12,7,8.87048e-15,114,1.77707e-13,1,0,0,0,0,0,0,0,0,0,0,0,0,0,0,0,0,0,0,0,0,0,0,0,0,0,0,0,0,0,0,0,0,0,0,0,0,0,0,0,0,0,0,0,0,0,0,0,0,0,0
186,0,0,9.96058e-12,0,0,2.37266e-16,117,5.9855e-12,7,1.62611e-16,113,1.11179e-13,1,0,0,0,0,0,0,0,0,0,0,0,0,0,0,0,0,0,0,0,0,0,0,3.8635e-12,1,0,0,0,0,0,0,0,0,0,0,0,0,0,0,0,0,0,0,0,0,0,0,0,0,0,0
187,0,0,1.07638e-11,0,0,9.17246e-17,116,4.17236e-12,6,0,112,6.59131e-12,1,0,0,0,0,0,0,0,0,0,0,0,0,0,0,0,0,0,0,0,0,0,0,0,0,0,0,0,0,0,0,0,0,0,0,0,0,0,0,0,0,0,0,0,0,0,0,0,0,0,0
188,0,0,1.83131e-11,0,0,1.07715e-16,115,2.63614e-12,5,9.32487e-15,110,1.56676e-11,1,0,0,0,0,0,0,0,0,0,0,0,0,0,0,0,0,0,0,0,0,0,0,0,0,0,0,0,0,0,0,0,0,0,0,0,0,0,0,0,0,0,0,0,0,0,0,0,0,0,0
189,0,0,4.041e-12,0,0,1.76225e-16,115,3.97608e-12,7,0,109,6.47445e-14,1,0,0,0,0,0,0,0,0,0,0,0,0,0,0,0,0,0,0,0,0,0,0,0,0,0,0,0,0,0,0,0,0,0,0,0,0,0,0,0,0,0,0,0,0,0,0,0,0,0,0
190,0,0,7.42897e-11,0,0,2.0013e-16,115,5.33394e-12,7,1.02572e-15,107,0,0,0,0,0,0,0,0,6.89546e-11,3,0,0,0,0,0,0,0,0,0,0,0,0,0,0,0,0,0,0,0,0,0,0,0,0,0,0,0,0,0,0,0,0,0,0,0,0,0,0,0,0,0,0
191,0,0,2.41893e-11,0,0,1.07756e-16,112,6.27752e-12,10,0,105,1.79117e-11,1,0,0,0,0,0,0,0,0,0,0,0,0,0,0,0,0,0,0,0,0,0,0,0,0,0,0,0,0,0,0,0,0,0,0,0,0,0,0,0,0,0,0,0,0,0,0,0,0,0,0
192,0,0,5.84595e-12,0,0,1.07715e-16,111,5.84585e-12,8,0,104,0,0,0,0,0,0,0,0,0,0,0,0,0,0,0,0,0,0,0,0,0,0,0,0,0,0,0,0,0,0,0,0,0,0,0,0,0,0,0,0,0,0,0,0,0,0,0,0,0,0,0,0
193,0,0,7.92851e-12,0,0,4.71651e-16,110,7.92797e-12,12,6.83024e-17,104,0,0,0,0,0,0,0,0,0,0,0,0,0,0,0,0,0,0,0,0,0,0,0,0,0,0,0,0,0,0,0,0,0,0,0,0,0,0,0,0,0,0,0,0,0,0,0,0,0,0,0,0
194,0,0,8.48274e-12,0,0,4.62397e-16,110,7.72786e-12,13,0,105,0,0,0,0,0,0,0,0,0,0,0,0,0,0,0,0,0,0,0,0,0,0,0,0,0,0,0,0,0,0,0,0,0,0,0,0,7.54416e-13,1,0,0,0,0,0,0,0,0,0,0,0,0,0,0
195,0,0,1.44668e-11,0,0,1.72613e-16,105,2.57365e-12,7,5.45297e-15,105,6.42952e-12,1,0,0,0,0,0,0,0,0,0,0,0,0,0,0,0,0,0,0,0,0,0,0,0,0,0,0,0,0,0,0,5.458e-12,1,0,0,0,0,0,0,0,0,0,0,0,0,0,0,0,0,0,0
196,0,0,4.00055e-12,0,0,0,105,3.43723e-12,3,1.39593e-16,102,5.63178e-13,1,0,0,0,0,0,0,0,0,0,0,0,0,0,0,0,0,0,0,0,0,0,0,0,0,0,0,0,0,0,0,0,0,0,0,0,0,0,0,0,0,0,0,0,0,0,0,0,0,0,0
197,0,0,6.53837e-11,0,0,1.30565e-16,104,8.81755e-12,6,3.47286e-14,102,2.18721e-11,3,0,0,0,0,0,0,3.46592e-11,3,0,0,0,0,0,0,0,0,0,0,0,0,0,0,0,0,0,0,0,0,0,0,0,0,0,0,0,0,0,0,0,0,0,0,0,0,0,0,0,0,0,0
198,0,0,8.75352e-12,0,0,2.13808e-16,104,8.75248e-12,8,8.26858e-16,97,0,0,0,0,0,0,0,0,0,0,0,0,0,0,0,0,0,0,0,0,0,0,0,0,0,0,0,0,0,0,0,0,0,0,0,0,0,0,0,0,0,0,0,0,0,0,0,0,0,0,0,0
199,0,0,6.62007e-11,0,0,0,105,5.75166e-12,4,4.73812e-17,97,1.14859e-12,2,0,0,3.88531e-11,1,0,0,0,0,0,0,0,0,0,0,0,0,0,0,0,0,0,0,0,0,0,0,0,0,0,0,0,0,1.16307e-11,1,8.81655e-12,1,0,0,0,0,0,0,0,0,0,0,0,0,0,0